year,player,finish,total_score,prize_money,points,round,score,rows_per_year,winner_ind,prize_money_small
2020,Phil Mickelson,T55,291,26680,6.69,r1_score,69,4,0,6670
2020,Phil Mickelson,T55,291,26680,6.69,r2_score,70,4,0,6670
2020,Phil Mickelson,T55,291,26680,6.69,r3_score,79,4,0,6670
2020,Phil Mickelson,T55,291,26680,6.69,r4_score,73,4,0,6670
2020,Zach Johnson,T51,290,28003,8.22,r1_score,73,4,0,7000.75
2020,Mike Weir,T51,290,28003,8.22,r1_score,71,4,0,7000.75
2020,Zach Johnson,T51,290,28003,8.22,r2_score,71,4,0,7000.75
2020,Mike Weir,T51,290,28003,8.22,r2_score,72,4,0,7000.75
2020,Zach Johnson,T51,290,28003,8.22,r3_score,73,4,0,7000.75
2020,Mike Weir,T51,290,28003,8.22,r3_score,71,4,0,7000.75
2020,Zach Johnson,T51,290,28003,8.22,r4_score,73,4,0,7000.75
2020,Mike Weir,T51,290,28003,8.22,r4_score,76,4,0,7000.75
2020,Jordan Spieth,T46,289,33672,10.77,r1_score,74,4,0,8418
2020,Jordan Spieth,T46,289,33672,10.77,r2_score,70,4,0,8418
2020,Jordan Spieth,T46,289,33672,10.77,r3_score,73,4,0,8418
2020,Jordan Spieth,T46,289,33672,10.77,r4_score,72,4,0,8418
2020,Tiger Woods,T38,287,50600,17.57,r1_score,68,4,0,12650
2020,Tiger Woods,T38,287,50600,17.57,r2_score,71,4,0,12650
2020,Tiger Woods,T38,287,50600,17.57,r3_score,72,4,0,12650
2020,Tiger Woods,T38,287,50600,17.57,r4_score,76,4,0,12650
2020,Adam Scott,T34,286,62100,23.23,r1_score,70,4,0,15525
2020,Adam Scott,T34,286,62100,23.23,r2_score,72,4,0,15525
2020,Adam Scott,T34,286,62100,23.23,r3_score,71,4,0,15525
2020,Adam Scott,T34,286,62100,23.23,r4_score,73,4,0,15525
2020,Charl Schwartzel,T25,284,91713,37.68,r1_score,73,4,0,22928.25
2020,Danny Willett,T25,284,91713,37.68,r1_score,71,4,0,22928.25
2020,Charl Schwartzel,T25,284,91713,37.68,r2_score,71,4,0,22928.25
2020,Danny Willett,T25,284,91713,37.68,r2_score,66,4,0,22928.25
2020,Charl Schwartzel,T25,284,91713,37.68,r3_score,69,4,0,22928.25
2020,Danny Willett,T25,284,91713,37.68,r3_score,74,4,0,22928.25
2020,Charl Schwartzel,T25,284,91713,37.68,r4_score,71,4,0,22928.25
2020,Danny Willett,T25,284,91713,37.68,r4_score,73,4,0,22928.25
2020,Patrick Reed,T10,279,287500,77,r1_score,68,4,0,71875
2020,Patrick Reed,T10,279,287500,77,r2_score,68,4,0,71875
2020,Patrick Reed,T10,279,287500,77,r3_score,71,4,0,71875
2020,Patrick Reed,T10,279,287500,77,r4_score,72,4,0,71875
2020,Bubba Watson,57,292,26450,6.35,r1_score,74,4,0,6612.5
2020,Bubba Watson,57,292,26450,6.35,r2_score,69,4,0,6612.5
2020,Bubba Watson,57,292,26450,6.35,r3_score,71,4,0,6612.5
2020,Bubba Watson,57,292,26450,6.35,r4_score,78,4,0,6612.5
2020,Dustin Johnson,1,268,2070000,600,r1_score,65,4,1,517500
2020,Dustin Johnson,1,268,2070000,600,r2_score,70,4,1,517500
2020,Dustin Johnson,1,268,2070000,600,r3_score,65,4,1,517500
2020,Dustin Johnson,1,268,2070000,600,r4_score,68,4,1,517500
2019,Zach Johnson,T58,293,26335,5.89,r1_score,74,4,0,6583.75
2019,Zach Johnson,T58,293,26335,5.89,r2_score,73,4,0,6583.75
2019,Zach Johnson,T58,293,26335,5.89,r3_score,73,4,0,6583.75
2019,Zach Johnson,T58,293,26335,5.89,r4_score,73,4,0,6583.75
2019,Trevor Immelman,T51,290,28693,8.22,r1_score,74,4,0,7173.25
2019,Trevor Immelman,T51,290,28693,8.22,r2_score,72,4,0,7173.25
2019,Trevor Immelman,T51,290,28693,8.22,r3_score,75,4,0,7173.25
2019,Trevor Immelman,T51,290,28693,8.22,r4_score,69,4,0,7173.25
2019,Patrick Reed,T36,286,55488,19.27,r1_score,73,4,0,13872
2019,Patrick Reed,T36,286,55488,19.27,r2_score,70,4,0,13872
2019,Patrick Reed,T36,286,55488,19.27,r3_score,74,4,0,13872
2019,Patrick Reed,T36,286,55488,19.27,r4_score,69,4,0,13872
2019,Jordan Spieth,T21,283,107956,41.51,r1_score,75,4,0,26989
2019,Jordan Spieth,T21,283,107956,41.51,r2_score,68,4,0,26989
2019,Jordan Spieth,T21,283,107956,41.51,r3_score,69,4,0,26989
2019,Jordan Spieth,T21,283,107956,41.51,r4_score,71,4,0,26989
2019,Dustin Johnson,T2,276,858667,230,r1_score,68,4,0,214666.75
2019,Dustin Johnson,T2,276,858667,230,r2_score,70,4,0,214666.75
2019,Dustin Johnson,T2,276,858667,230,r3_score,70,4,0,214666.75
2019,Dustin Johnson,T2,276,858667,230,r4_score,68,4,0,214666.75
2019,Phil Mickelson,T18,282,161000,53,r1_score,67,4,0,40250
2019,Adam Scott,T18,282,161000,53,r1_score,69,4,0,40250
2019,Phil Mickelson,T18,282,161000,53,r2_score,73,4,0,40250
2019,Adam Scott,T18,282,161000,53,r2_score,68,4,0,40250
2019,Phil Mickelson,T18,282,161000,53,r3_score,70,4,0,40250
2019,Adam Scott,T18,282,161000,53,r3_score,72,4,0,40250
2019,Phil Mickelson,T18,282,161000,53,r4_score,72,4,0,40250
2019,Adam Scott,T18,282,161000,53,r4_score,73,4,0,40250
2019,Bubba Watson,T12,280,225400,64.8,r1_score,72,4,0,56350
2019,Bubba Watson,T12,280,225400,64.8,r2_score,72,4,0,56350
2019,Bubba Watson,T12,280,225400,64.8,r3_score,67,4,0,56350
2019,Bubba Watson,T12,280,225400,64.8,r4_score,69,4,0,56350
2019,Sergio Garcia,CUT,148,,0,r1_score,73,4,0,
2019,Mike Weir,CUT,148,,0,r1_score,72,4,0,
2019,Danny Willett,CUT,148,,0,r1_score,75,4,0,
2019,Charl Schwartzel,CUT,149,,0,r1_score,77,4,0,
2019,Angel Cabrera,CUT,157,,0,r1_score,82,4,0,
2019,Sergio Garcia,CUT,148,,0,r2_score,75,4,0,
2019,Mike Weir,CUT,148,,0,r2_score,76,4,0,
2019,Danny Willett,CUT,148,,0,r2_score,73,4,0,
2019,Charl Schwartzel,CUT,149,,0,r2_score,72,4,0,
2019,Angel Cabrera,CUT,157,,0,r2_score,75,4,0,
2019,Sergio Garcia,CUT,148,,0,r3_score,,4,0,
2019,Mike Weir,CUT,148,,0,r3_score,,4,0,
2019,Danny Willett,CUT,148,,0,r3_score,,4,0,
2019,Charl Schwartzel,CUT,149,,0,r3_score,,4,0,
2019,Angel Cabrera,CUT,157,,0,r3_score,,4,0,
2019,Sergio Garcia,CUT,148,,0,r4_score,,4,0,
2019,Mike Weir,CUT,148,,0,r4_score,,4,0,
2019,Danny Willett,CUT,148,,0,r4_score,,4,0,
2019,Charl Schwartzel,CUT,149,,0,r4_score,,4,0,
2019,Angel Cabrera,CUT,157,,0,r4_score,,4,0,
2019,Tiger Woods,1,275,2070000,600,r1_score,70,4,1,517500
2019,Tiger Woods,1,275,2070000,600,r2_score,68,4,1,517500
2019,Tiger Woods,1,275,2070000,600,r3_score,67,4,1,517500
2019,Tiger Woods,1,275,2070000,600,r4_score,70,4,1,517500
2018,Bubba Watson,T5,279,386375,106,r1_score,73,4,0,96593.75
2018,Bubba Watson,T5,279,386375,106,r2_score,69,4,0,96593.75
2018,Bubba Watson,T5,279,386375,106,r3_score,68,4,0,96593.75
2018,Bubba Watson,T5,279,386375,106,r4_score,69,4,0,96593.75
2018,Zach Johnson,T36,290,55275,22.1,r1_score,70,4,0,13818.75
2018,Phil Mickelson,T36,290,55275,22.1,r1_score,70,4,0,13818.75
2018,Zach Johnson,T36,290,55275,22.1,r2_score,74,4,0,13818.75
2018,Phil Mickelson,T36,290,55275,22.1,r2_score,79,4,0,13818.75
2018,Zach Johnson,T36,290,55275,22.1,r3_score,74,4,0,13818.75
2018,Phil Mickelson,T36,290,55275,22.1,r3_score,74,4,0,13818.75
2018,Zach Johnson,T36,290,55275,22.1,r4_score,72,4,0,13818.75
2018,Phil Mickelson,T36,290,55275,22.1,r4_score,67,4,0,13818.75
2018,Adam Scott,T32,289,63663,25.93,r1_score,75,4,0,15915.75
2018,Tiger Woods,T32,289,63663,25.93,r1_score,73,4,0,15915.75
2018,Adam Scott,T32,289,63663,25.93,r2_score,73,4,0,15915.75
2018,Tiger Woods,T32,289,63663,25.93,r2_score,75,4,0,15915.75
2018,Adam Scott,T32,289,63663,25.93,r3_score,70,4,0,15915.75
2018,Tiger Woods,T32,289,63663,25.93,r3_score,72,4,0,15915.75
2018,Adam Scott,T32,289,63663,25.93,r4_score,71,4,0,15915.75
2018,Tiger Woods,T32,289,63663,25.93,r4_score,69,4,0,15915.75
2018,Dustin Johnson,T10,281,286000,79.5,r1_score,73,4,0,71500
2018,Dustin Johnson,T10,281,286000,79.5,r2_score,68,4,0,71500
2018,Dustin Johnson,T10,281,286000,79.5,r3_score,71,4,0,71500
2018,Dustin Johnson,T10,281,286000,79.5,r4_score,69,4,0,71500
2018,Charl Schwartzel,CUT,150,,0,r1_score,72,4,0,
2018,Danny Willett,CUT,151,,0,r1_score,75,4,0,
2018,Trevor Immelman,CUT,153,,0,r1_score,78,4,0,
2018,Mike Weir,CUT,155,,0,r1_score,76,4,0,
2018,Angel Cabrera,CUT,159,,0,r1_score,76,4,0,
2018,Sergio Garcia,CUT,159,,0,r1_score,81,4,0,
2018,Charl Schwartzel,CUT,150,,0,r2_score,78,4,0,
2018,Danny Willett,CUT,151,,0,r2_score,76,4,0,
2018,Trevor Immelman,CUT,153,,0,r2_score,75,4,0,
2018,Mike Weir,CUT,155,,0,r2_score,79,4,0,
2018,Angel Cabrera,CUT,159,,0,r2_score,83,4,0,
2018,Sergio Garcia,CUT,159,,0,r2_score,78,4,0,
2018,Charl Schwartzel,CUT,150,,0,r3_score,,4,0,
2018,Danny Willett,CUT,151,,0,r3_score,,4,0,
2018,Trevor Immelman,CUT,153,,0,r3_score,,4,0,
2018,Mike Weir,CUT,155,,0,r3_score,,4,0,
2018,Angel Cabrera,CUT,159,,0,r3_score,,4,0,
2018,Sergio Garcia,CUT,159,,0,r3_score,,4,0,
2018,Charl Schwartzel,CUT,150,,0,r4_score,,4,0,
2018,Danny Willett,CUT,151,,0,r4_score,,4,0,
2018,Trevor Immelman,CUT,153,,0,r4_score,,4,0,
2018,Mike Weir,CUT,155,,0,r4_score,,4,0,
2018,Angel Cabrera,CUT,159,,0,r4_score,,4,0,
2018,Sergio Garcia,CUT,159,,0,r4_score,,4,0,
2018,Jordan Spieth,3,275,748000,210,r1_score,66,4,0,187000
2018,Jordan Spieth,3,275,748000,210,r2_score,74,4,0,187000
2018,Jordan Spieth,3,275,748000,210,r3_score,71,4,0,187000
2018,Jordan Spieth,3,275,748000,210,r4_score,64,4,0,187000
2018,Patrick Reed,1,273,1980000,600,r1_score,69,4,1,495000
2018,Patrick Reed,1,273,1980000,600,r2_score,66,4,1,495000
2018,Patrick Reed,1,273,1980000,600,r3_score,67,4,1,495000
2018,Patrick Reed,1,273,1980000,600,r4_score,71,4,1,495000
2017,Adam Scott,T9,286,308000,85,r1_score,75,4,0,77000
2017,Adam Scott,T9,286,308000,85,r2_score,69,4,0,77000
2017,Adam Scott,T9,286,308000,85,r3_score,69,4,0,77000
2017,Adam Scott,T9,286,308000,85,r4_score,73,4,0,77000
2017,Phil Mickelson,T22,290,105600,42.27,r1_score,71,4,0,26400
2017,Phil Mickelson,T22,290,105600,42.27,r2_score,73,4,0,26400
2017,Phil Mickelson,T22,290,105600,42.27,r3_score,74,4,0,26400
2017,Phil Mickelson,T22,290,105600,42.27,r4_score,72,4,0,26400
2017,Jordan Spieth,T11,287,233200,68.4,r1_score,75,4,0,58300
2017,Jordan Spieth,T11,287,233200,68.4,r2_score,69,4,0,58300
2017,Jordan Spieth,T11,287,233200,68.4,r3_score,68,4,0,58300
2017,Jordan Spieth,T11,287,233200,68.4,r4_score,75,4,0,58300
2017,Zach Johnson,CUT,151,,0,r1_score,77,4,0,
2017,Danny Willett,CUT,151,,0,r1_score,73,4,0,
2017,Bubba Watson,CUT,152,,0,r1_score,74,4,0,
2017,Patrick Reed,CUT,153,,0,r1_score,76,4,0,
2017,Angel Cabrera,CUT,154,,0,r1_score,79,4,0,
2017,Trevor Immelman,CUT,155,,0,r1_score,79,4,0,
2017,Mike Weir,CUT,155,,0,r1_score,76,4,0,
2017,Zach Johnson,CUT,151,,0,r2_score,74,4,0,
2017,Danny Willett,CUT,151,,0,r2_score,78,4,0,
2017,Bubba Watson,CUT,152,,0,r2_score,78,4,0,
2017,Patrick Reed,CUT,153,,0,r2_score,77,4,0,
2017,Angel Cabrera,CUT,154,,0,r2_score,75,4,0,
2017,Trevor Immelman,CUT,155,,0,r2_score,76,4,0,
2017,Mike Weir,CUT,155,,0,r2_score,79,4,0,
2017,Zach Johnson,CUT,151,,0,r3_score,,4,0,
2017,Danny Willett,CUT,151,,0,r3_score,,4,0,
2017,Bubba Watson,CUT,152,,0,r3_score,,4,0,
2017,Patrick Reed,CUT,153,,0,r3_score,,4,0,
2017,Angel Cabrera,CUT,154,,0,r3_score,,4,0,
2017,Trevor Immelman,CUT,155,,0,r3_score,,4,0,
2017,Mike Weir,CUT,155,,0,r3_score,,4,0,
2017,Zach Johnson,CUT,151,,0,r4_score,,4,0,
2017,Danny Willett,CUT,151,,0,r4_score,,4,0,
2017,Bubba Watson,CUT,152,,0,r4_score,,4,0,
2017,Patrick Reed,CUT,153,,0,r4_score,,4,0,
2017,Angel Cabrera,CUT,154,,0,r4_score,,4,0,
2017,Trevor Immelman,CUT,155,,0,r4_score,,4,0,
2017,Mike Weir,CUT,155,,0,r4_score,,4,0,
2017,Charl Schwartzel,3,282,748000,210,r1_score,74,4,0,187000
2017,Charl Schwartzel,3,282,748000,210,r2_score,72,4,0,187000
2017,Charl Schwartzel,3,282,748000,210,r3_score,68,4,0,187000
2017,Charl Schwartzel,3,282,748000,210,r4_score,68,4,0,187000
2017,Sergio Garcia,1,279,1980000,600,r1_score,71,4,1,495000
2017,Sergio Garcia,1,279,1980000,600,r2_score,69,4,1,495000
2017,Sergio Garcia,1,279,1980000,600,r3_score,70,4,1,495000
2017,Sergio Garcia,1,279,1980000,600,r4_score,69,4,1,495000
2016,Patrick Reed,T49,300,27467,21,r1_score,76,4,0,6866.75
2016,Patrick Reed,T49,300,27467,21,r2_score,73,4,0,6866.75
2016,Patrick Reed,T49,300,27467,21,r3_score,75,4,0,6866.75
2016,Patrick Reed,T49,300,27467,21,r4_score,76,4,0,6866.75
2016,Adam Scott,T42,299,37000,26,r1_score,76,4,0,9250
2016,Adam Scott,T42,299,37000,26,r2_score,72,4,0,9250
2016,Adam Scott,T42,299,37000,26,r3_score,75,4,0,9250
2016,Adam Scott,T42,299,37000,26,r4_score,76,4,0,9250
2016,Dustin Johnson,T4,287,413333,126.67,r1_score,73,4,0,103333.25
2016,Dustin Johnson,T4,287,413333,126.67,r2_score,71,4,0,103333.25
2016,Dustin Johnson,T4,287,413333,126.67,r3_score,72,4,0,103333.25
2016,Dustin Johnson,T4,287,413333,126.67,r4_score,71,4,0,103333.25
2016,Bubba Watson,T37,297,50250,33.5,r1_score,75,4,0,12562.5
2016,Bubba Watson,T37,297,50250,33.5,r2_score,75,4,0,12562.5
2016,Bubba Watson,T37,297,50250,33.5,r3_score,76,4,0,12562.5
2016,Bubba Watson,T37,297,50250,33.5,r4_score,71,4,0,12562.5
2016,Sergio Garcia,T34,296,56500,36,r1_score,69,4,0,14125
2016,Sergio Garcia,T34,296,56500,36,r2_score,75,4,0,14125
2016,Sergio Garcia,T34,296,56500,36,r3_score,81,4,0,14125
2016,Sergio Garcia,T34,296,56500,36,r4_score,71,4,0,14125
2016,Angel Cabrera,T24,294,89000,45,r1_score,73,4,0,22250
2016,Angel Cabrera,T24,294,89000,45,r2_score,73,4,0,22250
2016,Angel Cabrera,T24,294,89000,45,r3_score,73,4,0,22250
2016,Angel Cabrera,T24,294,89000,45,r4_score,75,4,0,22250
2016,Jordan Spieth,T2,286,880000,270,r1_score,66,4,0,220000
2016,Jordan Spieth,T2,286,880000,270,r2_score,74,4,0,220000
2016,Jordan Spieth,T2,286,880000,270,r3_score,73,4,0,220000
2016,Jordan Spieth,T2,286,880000,270,r4_score,73,4,0,220000
2016,Trevor Immelman,CUT,151,,0,r1_score,77,4,0,
2016,Phil Mickelson,CUT,151,,0,r1_score,72,4,0,
2016,Zach Johnson,CUT,152,,0,r1_score,72,4,0,
2016,Charl Schwartzel,CUT,152,,0,r1_score,76,4,0,
2016,Mike Weir,CUT,154,,0,r1_score,76,4,0,
2016,Trevor Immelman,CUT,151,,0,r2_score,74,4,0,
2016,Phil Mickelson,CUT,151,,0,r2_score,79,4,0,
2016,Zach Johnson,CUT,152,,0,r2_score,80,4,0,
2016,Charl Schwartzel,CUT,152,,0,r2_score,76,4,0,
2016,Mike Weir,CUT,154,,0,r2_score,78,4,0,
2016,Trevor Immelman,CUT,151,,0,r3_score,,4,0,
2016,Phil Mickelson,CUT,151,,0,r3_score,,4,0,
2016,Zach Johnson,CUT,152,,0,r3_score,,4,0,
2016,Charl Schwartzel,CUT,152,,0,r3_score,,4,0,
2016,Mike Weir,CUT,154,,0,r3_score,,4,0,
2016,Trevor Immelman,CUT,151,,0,r4_score,,4,0,
2016,Phil Mickelson,CUT,151,,0,r4_score,,4,0,
2016,Zach Johnson,CUT,152,,0,r4_score,,4,0,
2016,Charl Schwartzel,CUT,152,,0,r4_score,,4,0,
2016,Mike Weir,CUT,154,,0,r4_score,,4,0,
2016,Danny Willett,1,283,1800000,0,r1_score,70,4,1,450000
2016,Danny Willett,1,283,1800000,0,r2_score,74,4,1,450000
2016,Danny Willett,1,283,1800000,0,r3_score,72,4,1,450000
2016,Danny Willett,1,283,1800000,0,r4_score,67,4,1,450000
2015,Zach Johnson,T9,280,270000,82.33,r1_score,72,4,0,67500
2015,Zach Johnson,T9,280,270000,82.33,r2_score,72,4,0,67500
2015,Zach Johnson,T9,280,270000,82.33,r3_score,68,4,0,67500
2015,Zach Johnson,T9,280,270000,82.33,r4_score,68,4,0,67500
2015,Dustin Johnson,T6,279,335000,101.33,r1_score,70,4,0,83750
2015,Dustin Johnson,T6,279,335000,101.33,r2_score,67,4,0,83750
2015,Dustin Johnson,T6,279,335000,101.33,r3_score,73,4,0,83750
2015,Dustin Johnson,T6,279,335000,101.33,r4_score,69,4,0,83750
2015,Charl Schwartzel,T38,289,40000,29.5,r1_score,71,4,0,10000
2015,Adam Scott,T38,289,40000,29.5,r1_score,72,4,0,10000
2015,Bubba Watson,T38,289,40000,29.5,r1_score,71,4,0,10000
2015,Danny Willett,T38,289,40000,0,r1_score,71,4,0,10000
2015,Charl Schwartzel,T38,289,40000,29.5,r2_score,70,4,0,10000
2015,Adam Scott,T38,289,40000,29.5,r2_score,69,4,0,10000
2015,Bubba Watson,T38,289,40000,29.5,r2_score,71,4,0,10000
2015,Danny Willett,T38,289,40000,0,r2_score,71,4,0,10000
2015,Charl Schwartzel,T38,289,40000,29.5,r3_score,73,4,0,10000
2015,Adam Scott,T38,289,40000,29.5,r3_score,74,4,0,10000
2015,Bubba Watson,T38,289,40000,29.5,r3_score,73,4,0,10000
2015,Danny Willett,T38,289,40000,0,r3_score,76,4,0,10000
2015,Charl Schwartzel,T38,289,40000,29.5,r4_score,75,4,0,10000
2015,Adam Scott,T38,289,40000,29.5,r4_score,74,4,0,10000
2015,Bubba Watson,T38,289,40000,29.5,r4_score,74,4,0,10000
2015,Danny Willett,T38,289,40000,0,r4_score,71,4,0,10000
2015,Angel Cabrera,T22,286,92833,46.5,r1_score,72,4,0,23208.25
2015,Patrick Reed,T22,286,92833,46.5,r1_score,70,4,0,23208.25
2015,Angel Cabrera,T22,286,92833,46.5,r2_score,69,4,0,23208.25
2015,Patrick Reed,T22,286,92833,46.5,r2_score,72,4,0,23208.25
2015,Angel Cabrera,T22,286,92833,46.5,r3_score,73,4,0,23208.25
2015,Patrick Reed,T22,286,92833,46.5,r3_score,74,4,0,23208.25
2015,Angel Cabrera,T22,286,92833,46.5,r4_score,72,4,0,23208.25
2015,Patrick Reed,T22,286,92833,46.5,r4_score,70,4,0,23208.25
2015,Phil Mickelson,T2,274,880000,270,r1_score,70,4,0,220000
2015,Phil Mickelson,T2,274,880000,270,r2_score,68,4,0,220000
2015,Phil Mickelson,T2,274,880000,270,r3_score,67,4,0,220000
2015,Phil Mickelson,T2,274,880000,270,r4_score,69,4,0,220000
2015,Sergio Garcia,T17,283,155000,56,r1_score,68,4,0,38750
2015,Tiger Woods,T17,283,155000,56,r1_score,73,4,0,38750
2015,Sergio Garcia,T17,283,155000,56,r2_score,74,4,0,38750
2015,Tiger Woods,T17,283,155000,56,r2_score,69,4,0,38750
2015,Sergio Garcia,T17,283,155000,56,r3_score,71,4,0,38750
2015,Tiger Woods,T17,283,155000,56,r3_score,68,4,0,38750
2015,Sergio Garcia,T17,283,155000,56,r4_score,70,4,0,38750
2015,Tiger Woods,T17,283,155000,56,r4_score,73,4,0,38750
2015,Trevor Immelman,CUT,153,,0,r1_score,76,4,0,
2015,Mike Weir,CUT,163,,0,r1_score,82,4,0,
2015,Trevor Immelman,CUT,153,,0,r2_score,77,4,0,
2015,Mike Weir,CUT,163,,0,r2_score,81,4,0,
2015,Trevor Immelman,CUT,153,,0,r3_score,,4,0,
2015,Mike Weir,CUT,163,,0,r3_score,,4,0,
2015,Trevor Immelman,CUT,153,,0,r4_score,,4,0,
2015,Mike Weir,CUT,163,,0,r4_score,,4,0,
2015,Jordan Spieth,1,270,1800000,600,r1_score,64,4,1,450000
2015,Jordan Spieth,1,270,1800000,600,r2_score,66,4,1,450000
2015,Jordan Spieth,1,270,1800000,600,r3_score,70,4,1,450000
2015,Jordan Spieth,1,270,1800000,600,r4_score,70,4,1,450000
2014,Mike Weir,T44,297,27972,25,r1_score,73,4,0,6993
2014,Mike Weir,T44,297,27972,25,r2_score,72,4,0,6993
2014,Mike Weir,T44,297,27972,25,r3_score,79,4,0,6993
2014,Mike Weir,T44,297,27972,25,r4_score,73,4,0,6993
2014,Jordan Spieth,T2,283,792000,270,r1_score,71,4,0,198000
2014,Jordan Spieth,T2,283,792000,270,r2_score,70,4,0,198000
2014,Jordan Spieth,T2,283,792000,270,r3_score,70,4,0,198000
2014,Jordan Spieth,T2,283,792000,270,r4_score,72,4,0,198000
2014,Adam Scott,T14,289,148500,58.17,r1_score,69,4,0,37125
2014,Adam Scott,T14,289,148500,58.17,r2_score,72,4,0,37125
2014,Adam Scott,T14,289,148500,58.17,r3_score,76,4,0,37125
2014,Adam Scott,T14,289,148500,58.17,r4_score,72,4,0,37125
2014,Sergio Garcia,CUT,149,,0,r1_score,74,4,0,
2014,Phil Mickelson,CUT,149,,0,r1_score,76,4,0,
2014,Charl Schwartzel,CUT,149,,0,r1_score,73,4,0,
2014,Zach Johnson,CUT,150,,0,r1_score,78,4,0,
2014,Dustin Johnson,CUT,151,,0,r1_score,77,4,0,
2014,Angel Cabrera,CUT,152,,0,r1_score,78,4,0,
2014,Patrick Reed,CUT,152,,0,r1_score,73,4,0,
2014,Trevor Immelman,CUT,153,,0,r1_score,79,4,0,
2014,Sergio Garcia,CUT,149,,0,r2_score,75,4,0,
2014,Phil Mickelson,CUT,149,,0,r2_score,73,4,0,
2014,Charl Schwartzel,CUT,149,,0,r2_score,76,4,0,
2014,Zach Johnson,CUT,150,,0,r2_score,72,4,0,
2014,Dustin Johnson,CUT,151,,0,r2_score,74,4,0,
2014,Angel Cabrera,CUT,152,,0,r2_score,74,4,0,
2014,Patrick Reed,CUT,152,,0,r2_score,79,4,0,
2014,Trevor Immelman,CUT,153,,0,r2_score,74,4,0,
2014,Sergio Garcia,CUT,149,,0,r3_score,,4,0,
2014,Phil Mickelson,CUT,149,,0,r3_score,,4,0,
2014,Charl Schwartzel,CUT,149,,0,r3_score,,4,0,
2014,Zach Johnson,CUT,150,,0,r3_score,,4,0,
2014,Dustin Johnson,CUT,151,,0,r3_score,,4,0,
2014,Angel Cabrera,CUT,152,,0,r3_score,,4,0,
2014,Patrick Reed,CUT,152,,0,r3_score,,4,0,
2014,Trevor Immelman,CUT,153,,0,r3_score,,4,0,
2014,Sergio Garcia,CUT,149,,0,r4_score,,4,0,
2014,Phil Mickelson,CUT,149,,0,r4_score,,4,0,
2014,Charl Schwartzel,CUT,149,,0,r4_score,,4,0,
2014,Zach Johnson,CUT,150,,0,r4_score,,4,0,
2014,Dustin Johnson,CUT,151,,0,r4_score,,4,0,
2014,Angel Cabrera,CUT,152,,0,r4_score,,4,0,
2014,Patrick Reed,CUT,152,,0,r4_score,,4,0,
2014,Trevor Immelman,CUT,153,,0,r4_score,,4,0,
2014,Bubba Watson,1,280,1620000,600,r1_score,69,4,1,405000
2014,Bubba Watson,1,280,1620000,600,r2_score,68,4,1,405000
2014,Bubba Watson,1,280,1620000,600,r3_score,74,4,1,405000
2014,Bubba Watson,1,280,1620000,600,r4_score,69,4,1,405000
2013,Sergio Garcia,T8,285,232000,88,r1_score,66,4,0,58000
2013,Sergio Garcia,T8,285,232000,88,r2_score,76,4,0,58000
2013,Sergio Garcia,T8,285,232000,88,r3_score,73,4,0,58000
2013,Sergio Garcia,T8,285,232000,88,r4_score,70,4,0,58000
2013,Phil Mickelson,T54,297,18320,15.5,r1_score,71,4,0,4580
2013,Phil Mickelson,T54,297,18320,15.5,r2_score,76,4,0,4580
2013,Phil Mickelson,T54,297,18320,15.5,r3_score,77,4,0,4580
2013,Phil Mickelson,T54,297,18320,15.5,r4_score,73,4,0,4580
2013,Trevor Immelman,T50,295,19480,19.5,r1_score,68,4,0,4870
2013,Bubba Watson,T50,295,19480,19.5,r1_score,75,4,0,4870
2013,Trevor Immelman,T50,295,19480,19.5,r2_score,75,4,0,4870
2013,Bubba Watson,T50,295,19480,19.5,r2_score,73,4,0,4870
2013,Trevor Immelman,T50,295,19480,19.5,r3_score,78,4,0,4870
2013,Bubba Watson,T50,295,19480,19.5,r3_score,70,4,0,4870
2013,Trevor Immelman,T50,295,19480,19.5,r4_score,74,4,0,4870
2013,Bubba Watson,T50,295,19480,19.5,r4_score,77,4,0,4870
2013,Tiger Woods,T4,283,352000,135,r1_score,70,4,0,88000
2013,Tiger Woods,T4,283,352000,135,r2_score,73,4,0,88000
2013,Tiger Woods,T4,283,352000,135,r3_score,70,4,0,88000
2013,Tiger Woods,T4,283,352000,135,r4_score,70,4,0,88000
2013,Zach Johnson,T35,291,41200,35,r1_score,69,4,0,10300
2013,Zach Johnson,T35,291,41200,35,r2_score,76,4,0,10300
2013,Zach Johnson,T35,291,41200,35,r3_score,71,4,0,10300
2013,Zach Johnson,T35,291,41200,35,r4_score,75,4,0,10300
2013,Charl Schwartzel,T25,290,56040,41.5,r1_score,71,4,0,14010
2013,Charl Schwartzel,T25,290,56040,41.5,r2_score,71,4,0,14010
2013,Charl Schwartzel,T25,290,56040,41.5,r3_score,75,4,0,14010
2013,Charl Schwartzel,T25,290,56040,41.5,r4_score,73,4,0,14010
2013,Dustin Johnson,T13,287,145600,61.8,r1_score,67,4,0,36400
2013,Dustin Johnson,T13,287,145600,61.8,r2_score,76,4,0,36400
2013,Dustin Johnson,T13,287,145600,61.8,r3_score,74,4,0,36400
2013,Dustin Johnson,T13,287,145600,61.8,r4_score,70,4,0,36400
2013,Mike Weir,CUT,151,,0,r1_score,72,4,0,
2013,Mike Weir,CUT,151,,0,r2_score,79,4,0,
2013,Mike Weir,CUT,151,,0,r3_score,,4,0,
2013,Mike Weir,CUT,151,,0,r4_score,,4,0,
2013,Angel Cabrera,2,279,864000,330,r1_score,71,4,0,216000
2013,Angel Cabrera,2,279,864000,330,r2_score,69,4,0,216000
2013,Angel Cabrera,2,279,864000,330,r3_score,69,4,0,216000
2013,Angel Cabrera,2,279,864000,330,r4_score,70,4,0,216000
2013,Adam Scott,1,279,1440000,600,r1_score,69,4,1,360000
2013,Adam Scott,1,279,1440000,600,r2_score,72,4,1,360000
2013,Adam Scott,1,279,1440000,600,r3_score,69,4,1,360000
2013,Adam Scott,1,279,1440000,600,r4_score,69,4,1,360000
2012,Adam Scott,T8,284,232000,88,r1_score,75,4,0,58000
2012,Adam Scott,T8,284,232000,88,r2_score,70,4,0,58000
2012,Adam Scott,T8,284,232000,88,r3_score,73,4,0,58000
2012,Adam Scott,T8,284,232000,88,r4_score,66,4,0,58000
2012,Charl Schwartzel,T50,296,19960,19.5,r1_score,72,4,0,4990
2012,Charl Schwartzel,T50,296,19960,19.5,r2_score,75,4,0,4990
2012,Charl Schwartzel,T50,296,19960,19.5,r3_score,75,4,0,4990
2012,Charl Schwartzel,T50,296,19960,19.5,r4_score,74,4,0,4990
2012,Tiger Woods,T40,293,32000,29.5,r1_score,72,4,0,8000
2012,Tiger Woods,T40,293,32000,29.5,r2_score,75,4,0,8000
2012,Tiger Woods,T40,293,32000,29.5,r3_score,72,4,0,8000
2012,Tiger Woods,T40,293,32000,29.5,r4_score,74,4,0,8000
2012,Angel Cabrera,T32,291,45280,37,r1_score,71,4,0,11320
2012,Zach Johnson,T32,291,45280,37,r1_score,70,4,0,11320
2012,Angel Cabrera,T32,291,45280,37,r2_score,78,4,0,11320
2012,Zach Johnson,T32,291,45280,37,r2_score,74,4,0,11320
2012,Angel Cabrera,T32,291,45280,37,r3_score,71,4,0,11320
2012,Zach Johnson,T32,291,45280,37,r3_score,75,4,0,11320
2012,Angel Cabrera,T32,291,45280,37,r4_score,71,4,0,11320
2012,Zach Johnson,T32,291,45280,37,r4_score,72,4,0,11320
2012,Phil Mickelson,T3,280,384000,147.5,r1_score,74,4,0,96000
2012,Phil Mickelson,T3,280,384000,147.5,r2_score,68,4,0,96000
2012,Phil Mickelson,T3,280,384000,147.5,r3_score,66,4,0,96000
2012,Phil Mickelson,T3,280,384000,147.5,r4_score,72,4,0,96000
2012,Sergio Garcia,T12,286,156800,64.8,r1_score,72,4,0,39200
2012,Sergio Garcia,T12,286,156800,64.8,r2_score,68,4,0,39200
2012,Sergio Garcia,T12,286,156800,64.8,r3_score,75,4,0,39200
2012,Sergio Garcia,T12,286,156800,64.8,r4_score,71,4,0,39200
2012,Mike Weir,CUT,151,,0,r1_score,72,4,0,
2012,Mike Weir,CUT,151,,0,r2_score,79,4,0,
2012,Mike Weir,CUT,151,,0,r3_score,,4,0,
2012,Mike Weir,CUT,151,,0,r4_score,,4,0,
2012,Trevor Immelman,60,301,17920,11,r1_score,78,4,0,4480
2012,Trevor Immelman,60,301,17920,11,r2_score,71,4,0,4480
2012,Trevor Immelman,60,301,17920,11,r3_score,76,4,0,4480
2012,Trevor Immelman,60,301,17920,11,r4_score,76,4,0,4480
2012,Bubba Watson,1,278,1440000,600,r1_score,69,4,1,360000
2012,Bubba Watson,1,278,1440000,600,r2_score,71,4,1,360000
2012,Bubba Watson,1,278,1440000,600,r3_score,70,4,1,360000
2012,Bubba Watson,1,278,1440000,600,r4_score,68,4,1,360000
2011,Tiger Woods,T4,278,330667,126.67,r1_score,71,4,0,82666.75
2011,Tiger Woods,T4,278,330667,126.67,r2_score,66,4,0,82666.75
2011,Tiger Woods,T4,278,330667,126.67,r3_score,74,4,0,82666.75
2011,Tiger Woods,T4,278,330667,126.67,r4_score,67,4,0,82666.75
2011,Dustin Johnson,T38,289,36800,31.5,r1_score,74,4,0,9200
2011,Bubba Watson,T38,289,36800,31.5,r1_score,73,4,0,9200
2011,Dustin Johnson,T38,289,36800,31.5,r2_score,68,4,0,9200
2011,Bubba Watson,T38,289,36800,31.5,r2_score,71,4,0,9200
2011,Dustin Johnson,T38,289,36800,31.5,r3_score,73,4,0,9200
2011,Bubba Watson,T38,289,36800,31.5,r3_score,67,4,0,9200
2011,Dustin Johnson,T38,289,36800,31.5,r4_score,74,4,0,9200
2011,Bubba Watson,T38,289,36800,31.5,r4_score,78,4,0,9200
2011,Sergio Garcia,T35,288,43200,35,r1_score,69,4,0,10800
2011,Sergio Garcia,T35,288,43200,35,r2_score,71,4,0,10800
2011,Sergio Garcia,T35,288,43200,35,r3_score,75,4,0,10800
2011,Sergio Garcia,T35,288,43200,35,r4_score,73,4,0,10800
2011,Phil Mickelson,T27,287,54400,40.5,r1_score,70,4,0,13600
2011,Phil Mickelson,T27,287,54400,40.5,r2_score,72,4,0,13600
2011,Phil Mickelson,T27,287,54400,40.5,r3_score,71,4,0,13600
2011,Phil Mickelson,T27,287,54400,40.5,r4_score,74,4,0,13600
2011,Adam Scott,T2,276,704000,270,r1_score,72,4,0,176000
2011,Adam Scott,T2,276,704000,270,r2_score,70,4,0,176000
2011,Adam Scott,T2,276,704000,270,r3_score,67,4,0,176000
2011,Adam Scott,T2,276,704000,270,r4_score,67,4,0,176000
2011,Trevor Immelman,T15,284,128000,57,r1_score,69,4,0,32000
2011,Trevor Immelman,T15,284,128000,57,r2_score,73,4,0,32000
2011,Trevor Immelman,T15,284,128000,57,r3_score,73,4,0,32000
2011,Trevor Immelman,T15,284,128000,57,r4_score,69,4,0,32000
2011,Zach Johnson,CUT,146,,0,r1_score,73,4,0,
2011,Mike Weir,CUT,155,,0,r1_score,76,4,0,
2011,Zach Johnson,CUT,146,,0,r2_score,73,4,0,
2011,Mike Weir,CUT,155,,0,r2_score,79,4,0,
2011,Zach Johnson,CUT,146,,0,r3_score,,4,0,
2011,Mike Weir,CUT,155,,0,r3_score,,4,0,
2011,Zach Johnson,CUT,146,,0,r4_score,,4,0,
2011,Mike Weir,CUT,155,,0,r4_score,,4,0,
2011,Angel Cabrera,7,279,268000,100,r1_score,71,4,0,67000
2011,Angel Cabrera,7,279,268000,100,r2_score,70,4,0,67000
2011,Angel Cabrera,7,279,268000,100,r3_score,67,4,0,67000
2011,Angel Cabrera,7,279,268000,100,r4_score,71,4,0,67000
2011,Charl Schwartzel,1,274,1440000,600,r1_score,69,4,1,360000
2011,Charl Schwartzel,1,274,1440000,600,r2_score,71,4,1,360000
2011,Charl Schwartzel,1,274,1440000,600,r3_score,68,4,1,360000
2011,Charl Schwartzel,1,274,1440000,600,r4_score,66,4,1,360000
2010,Sergio Garcia,T45,298,24750,25,r1_score,74,4,0,6187.5
2010,Sergio Garcia,T45,298,24750,25,r2_score,70,4,0,6187.5
2010,Sergio Garcia,T45,298,24750,25,r3_score,76,4,0,6187.5
2010,Sergio Garcia,T45,298,24750,25,r4_score,78,4,0,6187.5
2010,Mike Weir,T43,296,28500,27.5,r1_score,71,4,0,7125
2010,Mike Weir,T43,296,28500,27.5,r2_score,72,4,0,7125
2010,Mike Weir,T43,296,28500,27.5,r3_score,76,4,0,7125
2010,Mike Weir,T43,296,28500,27.5,r4_score,77,4,0,7125
2010,Tiger Woods,T4,277,330000,135,r1_score,68,4,0,82500
2010,Tiger Woods,T4,277,330000,135,r2_score,70,4,0,82500
2010,Tiger Woods,T4,277,330000,135,r3_score,70,4,0,82500
2010,Tiger Woods,T4,277,330000,135,r4_score,69,4,0,82500
2010,Dustin Johnson,T38,294,34500,31.5,r1_score,71,4,0,8625
2010,Dustin Johnson,T38,294,34500,31.5,r2_score,72,4,0,8625
2010,Dustin Johnson,T38,294,34500,31.5,r3_score,76,4,0,8625
2010,Dustin Johnson,T38,294,34500,31.5,r4_score,75,4,0,8625
2010,Charl Schwartzel,T30,291,45563,0,r1_score,69,4,0,11390.75
2010,Charl Schwartzel,T30,291,45563,0,r2_score,76,4,0,11390.75
2010,Charl Schwartzel,T30,291,45563,0,r3_score,72,4,0,11390.75
2010,Charl Schwartzel,T30,291,45563,0,r4_score,74,4,0,11390.75
2010,Angel Cabrera,T18,287,94500,51,r1_score,73,4,0,23625
2010,Adam Scott,T18,287,94500,51,r1_score,69,4,0,23625
2010,Angel Cabrera,T18,287,94500,51,r2_score,74,4,0,23625
2010,Adam Scott,T18,287,94500,51,r2_score,75,4,0,23625
2010,Angel Cabrera,T18,287,94500,51,r3_score,69,4,0,23625
2010,Adam Scott,T18,287,94500,51,r3_score,72,4,0,23625
2010,Angel Cabrera,T18,287,94500,51,r4_score,71,4,0,23625
2010,Adam Scott,T18,287,94500,51,r4_score,71,4,0,23625
2010,Trevor Immelman,T14,286,131250,60.25,r1_score,69,4,0,32812.5
2010,Trevor Immelman,T14,286,131250,60.25,r2_score,73,4,0,32812.5
2010,Trevor Immelman,T14,286,131250,60.25,r3_score,72,4,0,32812.5
2010,Trevor Immelman,T14,286,131250,60.25,r4_score,72,4,0,32812.5
2010,Zach Johnson,42,295,30750,29,r1_score,70,4,0,7687.5
2010,Zach Johnson,42,295,30750,29,r2_score,74,4,0,7687.5
2010,Zach Johnson,42,295,30750,29,r3_score,76,4,0,7687.5
2010,Zach Johnson,42,295,30750,29,r4_score,75,4,0,7687.5
2010,Phil Mickelson,1,272,1350000,600,r1_score,67,4,1,337500
2010,Phil Mickelson,1,272,1350000,600,r2_score,71,4,1,337500
2010,Phil Mickelson,1,272,1350000,600,r3_score,67,4,1,337500
2010,Phil Mickelson,1,272,1350000,600,r4_score,67,4,1,337500
2009,Tiger Woods,T6,280,242813,98,r1_score,70,4,0,60703.25
2009,Tiger Woods,T6,280,242813,98,r2_score,72,4,0,60703.25
2009,Tiger Woods,T6,280,242813,98,r3_score,70,4,0,60703.25
2009,Tiger Woods,T6,280,242813,98,r4_score,68,4,0,60703.25
2009,Mike Weir,T46,294,21850,24,r1_score,68,4,0,5462.5
2009,Mike Weir,T46,294,21850,24,r2_score,75,4,0,5462.5
2009,Mike Weir,T46,294,21850,24,r3_score,79,4,0,5462.5
2009,Mike Weir,T46,294,21850,24,r4_score,72,4,0,5462.5
2009,Sergio Garcia,T38,289,33000,31.5,r1_score,73,4,0,8250
2009,Sergio Garcia,T38,289,33000,31.5,r2_score,67,4,0,8250
2009,Sergio Garcia,T38,289,33000,31.5,r3_score,75,4,0,8250
2009,Sergio Garcia,T38,289,33000,31.5,r4_score,74,4,0,8250
2009,Dustin Johnson,T30,287,46575,39,r1_score,72,4,0,11643.75
2009,Dustin Johnson,T30,287,46575,39,r2_score,70,4,0,11643.75
2009,Dustin Johnson,T30,287,46575,39,r3_score,72,4,0,11643.75
2009,Dustin Johnson,T30,287,46575,39,r4_score,73,4,0,11643.75
2009,Trevor Immelman,T20,286,71400,46.5,r1_score,71,4,0,17850
2009,Trevor Immelman,T20,286,71400,46.5,r2_score,74,4,0,17850
2009,Trevor Immelman,T20,286,71400,46.5,r3_score,72,4,0,17850
2009,Trevor Immelman,T20,286,71400,46.5,r4_score,69,4,0,17850
2009,Adam Scott,CUT,146,,0,r1_score,71,4,0,
2009,Zach Johnson,CUT,150,,0,r1_score,70,4,0,
2009,Adam Scott,CUT,146,,0,r2_score,75,4,0,
2009,Zach Johnson,CUT,150,,0,r2_score,80,4,0,
2009,Adam Scott,CUT,146,,0,r3_score,,4,0,
2009,Zach Johnson,CUT,150,,0,r3_score,,4,0,
2009,Adam Scott,CUT,146,,0,r4_score,,4,0,
2009,Zach Johnson,CUT,150,,0,r4_score,,4,0,
2009,Phil Mickelson,5,279,3e+05,120,r1_score,73,4,0,75000
2009,Phil Mickelson,5,279,3e+05,120,r2_score,68,4,0,75000
2009,Phil Mickelson,5,279,3e+05,120,r3_score,71,4,0,75000
2009,Phil Mickelson,5,279,3e+05,120,r4_score,67,4,0,75000
2009,Bubba Watson,42,290,29250,29,r1_score,72,4,0,7312.5
2009,Bubba Watson,42,290,29250,29,r2_score,72,4,0,7312.5
2009,Bubba Watson,42,290,29250,29,r3_score,73,4,0,7312.5
2009,Bubba Watson,42,290,29250,29,r4_score,73,4,0,7312.5
2009,Angel Cabrera,1,276,1350000,600,r1_score,68,4,1,337500
2009,Angel Cabrera,1,276,1350000,600,r2_score,68,4,1,337500
2009,Angel Cabrera,1,276,1350000,600,r3_score,69,4,1,337500
2009,Angel Cabrera,1,276,1350000,600,r4_score,71,4,1,337500
2008,Phil Mickelson,T5,286,273750,"1,003.75",r1_score,71,4,0,68437.5
2008,Phil Mickelson,T5,286,273750,"1,003.75",r2_score,68,4,0,68437.5
2008,Phil Mickelson,T5,286,273750,"1,003.75",r3_score,75,4,0,68437.5
2008,Phil Mickelson,T5,286,273750,"1,003.75",r4_score,72,4,0,68437.5
2008,Angel Cabrera,T25,292,54844,201.09,r1_score,73,4,0,13711
2008,Adam Scott,T25,292,54844,201.09,r1_score,75,4,0,13711
2008,Angel Cabrera,T25,292,54844,201.09,r2_score,72,4,0,13711
2008,Adam Scott,T25,292,54844,201.09,r2_score,71,4,0,13711
2008,Angel Cabrera,T25,292,54844,201.09,r3_score,73,4,0,13711
2008,Adam Scott,T25,292,54844,201.09,r3_score,70,4,0,13711
2008,Angel Cabrera,T25,292,54844,201.09,r4_score,74,4,0,13711
2008,Adam Scott,T25,292,54844,201.09,r4_score,76,4,0,13711
2008,Zach Johnson,T20,291,84300,309.1,r1_score,70,4,0,21075
2008,Bubba Watson,T20,291,84300,309.1,r1_score,74,4,0,21075
2008,Zach Johnson,T20,291,84300,309.1,r2_score,76,4,0,21075
2008,Bubba Watson,T20,291,84300,309.1,r2_score,71,4,0,21075
2008,Zach Johnson,T20,291,84300,309.1,r3_score,68,4,0,21075
2008,Bubba Watson,T20,291,84300,309.1,r3_score,73,4,0,21075
2008,Zach Johnson,T20,291,84300,309.1,r4_score,77,4,0,21075
2008,Bubba Watson,T20,291,84300,309.1,r4_score,73,4,0,21075
2008,Mike Weir,T17,290,112500,412.5,r1_score,73,4,0,28125
2008,Mike Weir,T17,290,112500,412.5,r2_score,68,4,0,28125
2008,Mike Weir,T17,290,112500,412.5,r3_score,75,4,0,28125
2008,Mike Weir,T17,290,112500,412.5,r4_score,74,4,0,28125
2008,Sergio Garcia,CUT,148,,0,r1_score,76,4,0,
2008,Sergio Garcia,CUT,148,,0,r2_score,72,4,0,
2008,Sergio Garcia,CUT,148,,0,r3_score,,4,0,
2008,Sergio Garcia,CUT,148,,0,r4_score,,4,0,
2008,Tiger Woods,2,283,810000,"2,970.00",r1_score,72,4,0,202500
2008,Tiger Woods,2,283,810000,"2,970.00",r2_score,71,4,0,202500
2008,Tiger Woods,2,283,810000,"2,970.00",r3_score,68,4,0,202500
2008,Tiger Woods,2,283,810000,"2,970.00",r4_score,72,4,0,202500
2008,Trevor Immelman,1,280,1350000,"4,950.00",r1_score,68,4,1,337500
2008,Trevor Immelman,1,280,1350000,"4,950.00",r2_score,68,4,1,337500
2008,Trevor Immelman,1,280,1350000,"4,950.00",r3_score,69,4,1,337500
2008,Trevor Immelman,1,280,1350000,"4,950.00",r4_score,75,4,1,337500
2007,Trevor Immelman,T55,309,16530,62.7,r1_score,74,4,0,4132.5
2007,Trevor Immelman,T55,309,16530,62.7,r2_score,77,4,0,4132.5
2007,Trevor Immelman,T55,309,16530,62.7,r3_score,81,4,0,4132.5
2007,Trevor Immelman,T55,309,16530,62.7,r4_score,77,4,0,4132.5
2007,Angel Cabrera,T37,302,31900,121,r1_score,77,4,0,7975
2007,Angel Cabrera,T37,302,31900,121,r2_score,75,4,0,7975
2007,Angel Cabrera,T37,302,31900,121,r3_score,79,4,0,7975
2007,Angel Cabrera,T37,302,31900,121,r4_score,71,4,0,7975
2007,Adam Scott,T27,300,53650,203.5,r1_score,74,4,0,13412.5
2007,Adam Scott,T27,300,53650,203.5,r2_score,78,4,0,13412.5
2007,Adam Scott,T27,300,53650,203.5,r3_score,76,4,0,13412.5
2007,Adam Scott,T27,300,53650,203.5,r4_score,72,4,0,13412.5
2007,Phil Mickelson,T24,299,63800,242,r1_score,76,4,0,15950
2007,Phil Mickelson,T24,299,63800,242,r2_score,73,4,0,15950
2007,Phil Mickelson,T24,299,63800,242,r3_score,73,4,0,15950
2007,Phil Mickelson,T24,299,63800,242,r4_score,77,4,0,15950
2007,Mike Weir,T20,298,84462,320.38,r1_score,75,4,0,21115.5
2007,Mike Weir,T20,298,84462,320.38,r2_score,72,4,0,21115.5
2007,Mike Weir,T20,298,84462,320.38,r3_score,80,4,0,21115.5
2007,Mike Weir,T20,298,84462,320.38,r4_score,71,4,0,21115.5
2007,Tiger Woods,T2,291,541333,"2,053.33",r1_score,73,4,0,135333.25
2007,Tiger Woods,T2,291,541333,"2,053.33",r2_score,74,4,0,135333.25
2007,Tiger Woods,T2,291,541333,"2,053.33",r3_score,72,4,0,135333.25
2007,Tiger Woods,T2,291,541333,"2,053.33",r4_score,72,4,0,135333.25
2007,Sergio Garcia,CUT,154,,0,r1_score,76,4,0,
2007,Sergio Garcia,CUT,154,,0,r2_score,78,4,0,
2007,Sergio Garcia,CUT,154,,0,r3_score,,4,0,
2007,Sergio Garcia,CUT,154,,0,r4_score,,4,0,
2007,Zach Johnson,1,289,1305000,"4,950.00",r1_score,71,4,1,326250
2007,Zach Johnson,1,289,1305000,"4,950.00",r2_score,73,4,1,326250
2007,Zach Johnson,1,289,1305000,"4,950.00",r3_score,76,4,1,326250
2007,Zach Johnson,1,289,1305000,"4,950.00",r4_score,69,4,1,326250
2006,Angel Cabrera,T8,285,210000,0,r1_score,73,4,0,52500
2006,Angel Cabrera,T8,285,210000,0,r2_score,74,4,0,52500
2006,Angel Cabrera,T8,285,210000,0,r3_score,70,4,0,52500
2006,Angel Cabrera,T8,285,210000,0,r4_score,68,4,0,52500
2006,Zach Johnson,T32,293,40512,0,r1_score,74,4,0,10128
2006,Zach Johnson,T32,293,40512,0,r2_score,72,4,0,10128
2006,Zach Johnson,T32,293,40512,0,r3_score,77,4,0,10128
2006,Zach Johnson,T32,293,40512,0,r4_score,70,4,0,10128
2006,Tiger Woods,T3,284,315700,0,r1_score,72,4,0,78925
2006,Tiger Woods,T3,284,315700,0,r2_score,71,4,0,78925
2006,Tiger Woods,T3,284,315700,0,r3_score,71,4,0,78925
2006,Tiger Woods,T3,284,315700,0,r4_score,70,4,0,78925
2006,Adam Scott,T27,292,49700,0,r1_score,72,4,0,12425
2006,Adam Scott,T27,292,49700,0,r2_score,74,4,0,12425
2006,Adam Scott,T27,292,49700,0,r3_score,75,4,0,12425
2006,Adam Scott,T27,292,49700,0,r4_score,71,4,0,12425
2006,Mike Weir,T11,287,161000,0,r1_score,71,4,0,40250
2006,Mike Weir,T11,287,161000,0,r2_score,73,4,0,40250
2006,Mike Weir,T11,287,161000,0,r3_score,73,4,0,40250
2006,Mike Weir,T11,287,161000,0,r4_score,70,4,0,40250
2006,Trevor Immelman,CUT,151,,0,r1_score,75,4,0,
2006,Trevor Immelman,CUT,151,,0,r2_score,76,4,0,
2006,Trevor Immelman,CUT,151,,0,r3_score,,4,0,
2006,Trevor Immelman,CUT,151,,0,r4_score,,4,0,
2006,Sergio Garcia,46,298,21700,0,r1_score,72,4,0,5425
2006,Sergio Garcia,46,298,21700,0,r2_score,74,4,0,5425
2006,Sergio Garcia,46,298,21700,0,r3_score,79,4,0,5425
2006,Sergio Garcia,46,298,21700,0,r4_score,73,4,0,5425
2006,Phil Mickelson,1,281,1260000,0,r1_score,70,4,1,315000
2006,Phil Mickelson,1,281,1260000,0,r2_score,72,4,1,315000
2006,Phil Mickelson,1,281,1260000,0,r3_score,70,4,1,315000
2006,Phil Mickelson,1,281,1260000,0,r4_score,69,4,1,315000
2005,Trevor Immelman,T5,284,237300,0,r1_score,73,4,0,59325
2005,Mike Weir,T5,284,237300,0,r1_score,74,4,0,59325
2005,Trevor Immelman,T5,284,237300,0,r2_score,73,4,0,59325
2005,Mike Weir,T5,284,237300,0,r2_score,71,4,0,59325
2005,Trevor Immelman,T5,284,237300,0,r3_score,65,4,0,59325
2005,Mike Weir,T5,284,237300,0,r3_score,68,4,0,59325
2005,Trevor Immelman,T5,284,237300,0,r4_score,73,4,0,59325
2005,Mike Weir,T5,284,237300,0,r4_score,71,4,0,59325
2005,Adam Scott,T33,294,39620,0,r1_score,71,4,0,9905
2005,Adam Scott,T33,294,39620,0,r2_score,76,4,0,9905
2005,Adam Scott,T33,294,39620,0,r3_score,72,4,0,9905
2005,Adam Scott,T33,294,39620,0,r4_score,75,4,0,9905
2005,Sergio Garcia,CUT,149,,0,r1_score,77,4,0,
2005,Angel Cabrera,CUT,150,,0,r1_score,77,4,0,
2005,Zach Johnson,CUT,152,,0,r1_score,81,4,0,
2005,Sergio Garcia,CUT,149,,0,r2_score,72,4,0,
2005,Angel Cabrera,CUT,150,,0,r2_score,73,4,0,
2005,Zach Johnson,CUT,152,,0,r2_score,71,4,0,
2005,Sergio Garcia,CUT,149,,0,r3_score,,4,0,
2005,Angel Cabrera,CUT,150,,0,r3_score,,4,0,
2005,Zach Johnson,CUT,152,,0,r3_score,,4,0,
2005,Sergio Garcia,CUT,149,,0,r4_score,,4,0,
2005,Angel Cabrera,CUT,150,,0,r4_score,,4,0,
2005,Zach Johnson,CUT,152,,0,r4_score,,4,0,
2005,Phil Mickelson,10,285,189000,0,r1_score,70,4,0,47250
2005,Phil Mickelson,10,285,189000,0,r2_score,72,4,0,47250
2005,Phil Mickelson,10,285,189000,0,r3_score,69,4,0,47250
2005,Phil Mickelson,10,285,189000,0,r4_score,74,4,0,47250
2005,Tiger Woods,1,276,1260000,0,r1_score,74,4,1,315000
2005,Tiger Woods,1,276,1260000,0,r2_score,66,4,1,315000
2005,Tiger Woods,1,276,1260000,0,r3_score,65,4,1,315000
2005,Tiger Woods,1,276,1260000,0,r4_score,71,4,1,315000
2004,Sergio Garcia,T4,285,286000,0,r1_score,72,4,0,71500
2004,Sergio Garcia,T4,285,286000,0,r2_score,72,4,0,71500
2004,Sergio Garcia,T4,285,286000,0,r3_score,75,4,0,71500
2004,Sergio Garcia,T4,285,286000,0,r4_score,66,4,0,71500
2004,Tiger Woods,T22,290,70200,0,r1_score,75,4,0,17550
2004,Tiger Woods,T22,290,70200,0,r2_score,69,4,0,17550
2004,Tiger Woods,T22,290,70200,0,r3_score,75,4,0,17550
2004,Tiger Woods,T22,290,70200,0,r4_score,71,4,0,17550
2004,Mike Weir,CUT,149,,0,r1_score,79,4,0,
2004,Angel Cabrera,CUT,151,,0,r1_score,74,4,0,
2004,Trevor Immelman,CUT,153,,0,r1_score,77,4,0,
2004,Adam Scott,CUT,153,,0,r1_score,80,4,0,
2004,Mike Weir,CUT,149,,0,r2_score,70,4,0,
2004,Angel Cabrera,CUT,151,,0,r2_score,77,4,0,
2004,Trevor Immelman,CUT,153,,0,r2_score,76,4,0,
2004,Adam Scott,CUT,153,,0,r2_score,73,4,0,
2004,Mike Weir,CUT,149,,0,r3_score,,4,0,
2004,Angel Cabrera,CUT,151,,0,r3_score,,4,0,
2004,Trevor Immelman,CUT,153,,0,r3_score,,4,0,
2004,Adam Scott,CUT,153,,0,r3_score,,4,0,
2004,Mike Weir,CUT,149,,0,r4_score,,4,0,
2004,Angel Cabrera,CUT,151,,0,r4_score,,4,0,
2004,Trevor Immelman,CUT,153,,0,r4_score,,4,0,
2004,Adam Scott,CUT,153,,0,r4_score,,4,0,
2004,Phil Mickelson,1,279,1170000,0,r1_score,72,4,1,292500
2004,Phil Mickelson,1,279,1170000,0,r2_score,69,4,1,292500
2004,Phil Mickelson,1,279,1170000,0,r3_score,69,4,1,292500
2004,Phil Mickelson,1,279,1170000,0,r4_score,69,4,1,292500
2003,Sergio Garcia,T28,294,43500,0,r1_score,69,4,0,10875
2003,Sergio Garcia,T28,294,43500,0,r2_score,78,4,0,10875
2003,Sergio Garcia,T28,294,43500,0,r3_score,74,4,0,10875
2003,Sergio Garcia,T28,294,43500,0,r4_score,73,4,0,10875
2003,Adam Scott,T23,293,57600,0,r1_score,77,4,0,14400
2003,Adam Scott,T23,293,57600,0,r2_score,72,4,0,14400
2003,Adam Scott,T23,293,57600,0,r3_score,74,4,0,14400
2003,Adam Scott,T23,293,57600,0,r4_score,70,4,0,14400
2003,Angel Cabrera,T15,290,93000,0,r1_score,76,4,0,23250
2003,Tiger Woods,T15,290,93000,0,r1_score,76,4,0,23250
2003,Angel Cabrera,T15,290,93000,0,r2_score,71,4,0,23250
2003,Tiger Woods,T15,290,93000,0,r2_score,73,4,0,23250
2003,Angel Cabrera,T15,290,93000,0,r3_score,71,4,0,23250
2003,Tiger Woods,T15,290,93000,0,r3_score,66,4,0,23250
2003,Angel Cabrera,T15,290,93000,0,r4_score,72,4,0,23250
2003,Tiger Woods,T15,290,93000,0,r4_score,75,4,0,23250
2003,Phil Mickelson,3,283,408000,0,r1_score,73,4,0,102000
2003,Phil Mickelson,3,283,408000,0,r2_score,70,4,0,102000
2003,Phil Mickelson,3,283,408000,0,r3_score,72,4,0,102000
2003,Phil Mickelson,3,283,408000,0,r4_score,68,4,0,102000
2003,Mike Weir,1,281,1080000,0,r1_score,70,4,1,270000
2003,Mike Weir,1,281,1080000,0,r2_score,68,4,1,270000
2003,Mike Weir,1,281,1080000,0,r3_score,75,4,1,270000
2003,Mike Weir,1,281,1080000,0,r4_score,68,4,1,270000
2002,Angel Cabrera,T9,285,151200,0,r1_score,68,4,0,37800
2002,Adam Scott,T9,285,151200,0,r1_score,71,4,0,37800
2002,Angel Cabrera,T9,285,151200,0,r2_score,71,4,0,37800
2002,Adam Scott,T9,285,151200,0,r2_score,72,4,0,37800
2002,Angel Cabrera,T9,285,151200,0,r3_score,73,4,0,37800
2002,Adam Scott,T9,285,151200,0,r3_score,72,4,0,37800
2002,Angel Cabrera,T9,285,151200,0,r4_score,73,4,0,37800
2002,Adam Scott,T9,285,151200,0,r4_score,70,4,0,37800
2002,Mike Weir,T24,290,46480,0,r1_score,72,4,0,11620
2002,Mike Weir,T24,290,46480,0,r2_score,71,4,0,11620
2002,Mike Weir,T24,290,46480,0,r3_score,71,4,0,11620
2002,Mike Weir,T24,290,46480,0,r4_score,76,4,0,11620
2002,Sergio Garcia,8,284,173600,0,r1_score,68,4,0,43400
2002,Sergio Garcia,8,284,173600,0,r2_score,71,4,0,43400
2002,Sergio Garcia,8,284,173600,0,r3_score,70,4,0,43400
2002,Sergio Garcia,8,284,173600,0,r4_score,75,4,0,43400
2002,Phil Mickelson,3,280,380800,0,r1_score,69,4,0,95200
2002,Phil Mickelson,3,280,380800,0,r2_score,72,4,0,95200
2002,Phil Mickelson,3,280,380800,0,r3_score,68,4,0,95200
2002,Phil Mickelson,3,280,380800,0,r4_score,71,4,0,95200
2002,Tiger Woods,1,276,1008000,0,r1_score,70,4,1,252000
2002,Tiger Woods,1,276,1008000,0,r2_score,69,4,1,252000
2002,Tiger Woods,1,276,1008000,0,r3_score,66,4,1,252000
2002,Tiger Woods,1,276,1008000,0,r4_score,71,4,1,252000
2001,Mike Weir,T27,287,40600,0,r1_score,74,4,0,10150
2001,Mike Weir,T27,287,40600,0,r2_score,69,4,0,10150
2001,Mike Weir,T27,287,40600,0,r3_score,72,4,0,10150
2001,Mike Weir,T27,287,40600,0,r4_score,72,4,0,10150
2001,Angel Cabrera,T10,280,128800,0,r1_score,66,4,0,32200
2001,Angel Cabrera,T10,280,128800,0,r2_score,71,4,0,32200
2001,Angel Cabrera,T10,280,128800,0,r3_score,70,4,0,32200
2001,Angel Cabrera,T10,280,128800,0,r4_score,73,4,0,32200
2001,Sergio Garcia,CUT,146,,0,r1_score,70,4,0,
2001,Sergio Garcia,CUT,146,,0,r2_score,76,4,0,
2001,Sergio Garcia,CUT,146,,0,r3_score,,4,0,
2001,Sergio Garcia,CUT,146,,0,r4_score,,4,0,
2001,Phil Mickelson,3,275,380800,0,r1_score,67,4,0,95200
2001,Phil Mickelson,3,275,380800,0,r2_score,69,4,0,95200
2001,Phil Mickelson,3,275,380800,0,r3_score,69,4,0,95200
2001,Phil Mickelson,3,275,380800,0,r4_score,70,4,0,95200
2001,Tiger Woods,1,272,1008000,0,r1_score,70,4,1,252000
2001,Tiger Woods,1,272,1008000,0,r2_score,66,4,1,252000
2001,Tiger Woods,1,272,1008000,0,r3_score,68,4,1,252000
2001,Tiger Woods,1,272,1008000,0,r4_score,68,4,1,252000
2000,Phil Mickelson,T7,286,143367,0,r1_score,71,4,0,35841.75
2000,Phil Mickelson,T7,286,143367,0,r2_score,68,4,0,35841.75
2000,Phil Mickelson,T7,286,143367,0,r3_score,76,4,0,35841.75
2000,Phil Mickelson,T7,286,143367,0,r4_score,71,4,0,35841.75
2000,Sergio Garcia,T40,295,17480,0,r1_score,70,4,0,4370
2000,Sergio Garcia,T40,295,17480,0,r2_score,72,4,0,4370
2000,Sergio Garcia,T40,295,17480,0,r3_score,75,4,0,4370
2000,Sergio Garcia,T40,295,17480,0,r4_score,78,4,0,4370
2000,Mike Weir,T28,293,28673,0,r1_score,75,4,0,7168.25
2000,Mike Weir,T28,293,28673,0,r2_score,70,4,0,7168.25
2000,Mike Weir,T28,293,28673,0,r3_score,70,4,0,7168.25
2000,Mike Weir,T28,293,28673,0,r4_score,78,4,0,7168.25
2000,Angel Cabrera,CUT,150,,0,r1_score,74,4,0,
2000,Angel Cabrera,CUT,150,,0,r2_score,76,4,0,
2000,Angel Cabrera,CUT,150,,0,r3_score,,4,0,
2000,Angel Cabrera,CUT,150,,0,r4_score,,4,0,
2000,Tiger Woods,5,284,184000,0,r1_score,75,4,0,46000
2000,Tiger Woods,5,284,184000,0,r2_score,72,4,0,46000
2000,Tiger Woods,5,284,184000,0,r3_score,68,4,0,46000
2000,Tiger Woods,5,284,184000,0,r4_score,69,4,0,46000
1999,Phil Mickelson,T6,285,125200,0,r1_score,74,4,0,31300
1999,Phil Mickelson,T6,285,125200,0,r2_score,69,4,0,31300
1999,Phil Mickelson,T6,285,125200,0,r3_score,71,4,0,31300
1999,Phil Mickelson,T6,285,125200,0,r4_score,71,4,0,31300
1999,Sergio Garcia,T38,295,,0,r1_score,72,4,0,
1999,Sergio Garcia,T38,295,,0,r2_score,75,4,0,
1999,Sergio Garcia,T38,295,,0,r3_score,75,4,0,
1999,Sergio Garcia,T38,295,,0,r4_score,73,4,0,
1999,Tiger Woods,T18,289,52160,0,r1_score,72,4,0,13040
1999,Tiger Woods,T18,289,52160,0,r2_score,72,4,0,13040
1999,Tiger Woods,T18,289,52160,0,r3_score,70,4,0,13040
1999,Tiger Woods,T18,289,52160,0,r4_score,75,4,0,13040
1999,Trevor Immelman,56,305,,0,r1_score,72,4,0,
1999,Trevor Immelman,56,305,,0,r2_score,76,4,0,
1999,Trevor Immelman,56,305,,0,r3_score,78,4,0,
1999,Trevor Immelman,56,305,,0,r4_score,79,4,0,
1998,Tiger Woods,T8,285,89600,0,r1_score,71,4,0,22400
1998,Tiger Woods,T8,285,89600,0,r2_score,72,4,0,22400
1998,Tiger Woods,T8,285,89600,0,r3_score,72,4,0,22400
1998,Tiger Woods,T8,285,89600,0,r4_score,70,4,0,22400
1998,Phil Mickelson,T12,286,64800,0,r1_score,74,4,0,16200
1998,Phil Mickelson,T12,286,64800,0,r2_score,69,4,0,16200
1998,Phil Mickelson,T12,286,64800,0,r3_score,69,4,0,16200
1998,Phil Mickelson,T12,286,64800,0,r4_score,74,4,0,16200
1997,Phil Mickelson,CUT,150,,0,r1_score,76,4,0,
1997,Phil Mickelson,CUT,150,,0,r2_score,74,4,0,
1997,Phil Mickelson,CUT,150,,0,r3_score,,4,0,
1997,Phil Mickelson,CUT,150,,0,r4_score,,4,0,
1997,Tiger Woods,1,270,486000,0,r1_score,70,4,1,121500
1997,Tiger Woods,1,270,486000,0,r2_score,66,4,1,121500
1997,Tiger Woods,1,270,486000,0,r3_score,65,4,1,121500
1997,Tiger Woods,1,270,486000,0,r4_score,69,4,1,121500
1996,Tiger Woods,CUT,150,,0,r1_score,75,4,0,
1996,Tiger Woods,CUT,150,,0,r2_score,75,4,0,
1996,Tiger Woods,CUT,150,,0,r3_score,,4,0,
1996,Tiger Woods,CUT,150,,0,r4_score,,4,0,
1996,Phil Mickelson,3,282,170000,0,r1_score,65,4,0,42500
1996,Phil Mickelson,3,282,170000,0,r2_score,73,4,0,42500
1996,Phil Mickelson,3,282,170000,0,r3_score,72,4,0,42500
1996,Phil Mickelson,3,282,170000,0,r4_score,72,4,0,42500
1995,Phil Mickelson,T7,280,70950,0,r1_score,66,4,0,17737.5
1995,Phil Mickelson,T7,280,70950,0,r2_score,71,4,0,17737.5
1995,Phil Mickelson,T7,280,70950,0,r3_score,70,4,0,17737.5
1995,Phil Mickelson,T7,280,70950,0,r4_score,73,4,0,17737.5
1995,Tiger Woods,T41,293,,0,r1_score,72,4,0,
1995,Tiger Woods,T41,293,,0,r2_score,72,4,0,
1995,Tiger Woods,T41,293,,0,r3_score,77,4,0,
1995,Tiger Woods,T41,293,,0,r4_score,72,4,0,
1993,Phil Mickelson,T34,291,8975,0,r1_score,72,4,0,2243.75
1993,Phil Mickelson,T34,291,8975,0,r2_score,71,4,0,2243.75
1993,Phil Mickelson,T34,291,8975,0,r3_score,75,4,0,2243.75
1993,Phil Mickelson,T34,291,8975,0,r4_score,73,4,0,2243.75
1991,Phil Mickelson,T46,290,,0,r1_score,69,4,0,
1991,Phil Mickelson,T46,290,,0,r2_score,73,4,0,
1991,Phil Mickelson,T46,290,,0,r3_score,74,4,0,
1991,Phil Mickelson,T46,290,,0,r4_score,74,4,0,
